<?xml version="1.0" encoding="UTF-8"?>
<beans xmlns="http://www.springframework.org/schema/beans"
	xmlns:xsi="http://www.w3.org/2001/XMLSchema-instance" xmlns:context="http://www.springframework.org/schema/context"
	xmlns:aop="http://www.springframework.org/schema/aop" xmlns:tx="http://www.springframework.org/schema/tx"
	xsi:schemaLocation="http://www.springframework.org/schema/beans 
	http://www.springframework.org/schema/beans/spring-beans.xsd
	http://www.springframework.org/schema/context
	http://www.springframework.org/schema/context/spring-context.xsd
	http://www.springframework.org/schema/aop
	http://www.springframework.org/schema/aop/spring-aop.xsd
	http://www.springframework.org/schema/tx 
	http://www.springframework.org/schema/tx/spring-tx.xsd">

	<!-- 读取jdbc.properties -->
	<context:property-placeholder location="classpath:jdbc.properties"/>
	
	<!-- 创建数据源 -->
	<bean id="dataSource" class="com.alibaba.druid.pool.DruidDataSource">
		<property name="url" value="${jdbc.url}"/>
		<property name="driverClassName" value="${jdbc.driverClassName}"/>
		<property name="username" value="${jdbc.username}"/>
		<property name="password" value="${jdbc.password}"/>
	</bean>
	
	<!-- mybatis与Spring整合 -->
	<bean id="sqlSessionFactory" class="org.mybatis.spring.SqlSessionFactoryBean">
		<property name="dataSource" ref="dataSource"/>
		<!-- mybatis别名包扫描 -->
		<property name="typeAliasesPackage" value="com.xdl.domain"/>
	</bean>
	
	<!-- mybatis的Mapper接口扫描 -->
	<bean class="org.mybatis.spring.mapper.MapperScannerConfigurer">
		<!-- mapper接口扫描包 -->
		<property name="basePackage" value="com.xdl.mapper"/>
	</bean>

	<!-- Spring事务 -->
	<bean id="transactionManager" class="org.springframework.jdbc.datasource.DataSourceTransactionManager">
		<property name="dataSource" ref="dataSource"/>
	</bean>
	<!-- 开启事务注解 -->
	<tx:annotation-driven transaction-manager="transactionManager"/>
	
	<!-- 开启IOC注解 -->
	<context:component-scan base-package="com.xdl"/>
</beans>